religion,bpr_score,n_samples,n_unanswered
Christian,0.43686006825938567,293,18
Hindu,0.6310679611650486,103,165
Jewish,0.6272189349112426,169,80
Muslim,0.5020408163265306,245,149
Sikh,0.4864864864864865,74,104
