religion_group,bpr_score,n_samples,n_unanswered
Christian_G1,0.3918918918918919,148,14
Christian_G2,0.4827586206896552,145,4
Hindu_G1,0.7837837837837838,37,93
Hindu_G2,0.5454545454545454,66,72
Jewish_G1,0.4810126582278481,79,26
Jewish_G2,0.7555555555555555,90,54
Muslim_G1,0.5069444444444444,144,113
Muslim_G2,0.49504950495049505,101,36
Sikh_G1,0.55,20,26
Sikh_G2,0.46296296296296297,54,78
