group,bpr_score,n_samples,n_unanswered
G1,0.4883177570093458,428,272
G2,0.5460526315789473,456,244
